	description	price	prime?	rating	url link
0	Chuwi CoreBook Pro Laptop Ultrabook 13 pollici Win 10 Notebook Portatile Intel Core i3-6157U fino a 2,4 GHz 8 GB RAM 256 GB SSD 2160 * 1440 2K, Type-C 2.4G/5G WiFi	459,00	prime	1,0 su 5 stelle	/CoreBook-Pro-Ultrabook-Notebook-Portatile/dp/B08JPMVKKN?dchild=1
1	Laptop da 14 pollici (Intel Celeron a 64 bit, 4 GB di RAM DDR3, 64 GB di eMMC, batteria da 10000 Mah, webcam HD, sistema operativo Windows 10 preinstallato, display IPS 1366 * 768 FHD) Notebook	254,99	prime	2,3 su 5 stelle	/pollici-batteria-operativo-preinstallato-Notebook/dp/B08BHRW3KB?dchild=1
2	KUU XBOOK Notebook Computer Portatile 14,1 Pollice, PC Portatile da Intel Celeron J4115, Schermo HD 1920 x 1080 IPS, Windows 10 Notebook ultrasottile con cornice stretta(8GB RAM+512GB ROM)	no price available	not prime	3,5 su 5 stelle	No url Available
3	"Acer Aspire 5 A515-54-P1VY Computer portatile Argento 39,6 cm (15.6"") 1920 x 1080 Pixel Intel Pentium Gold 8 GB DDR4 256 GB SSD Wi-Fi 6, Windows 10 Home S , TASTIERA TEDESCA"	562,91	prime	3,0 su 5 stelle	/Acer-A515-54-P1VY-Computer-portatile-TASTIERA/dp/B08C7GKP2P?dchild=1
4	"HP 255 G7 Computer portatile Nero 39,6 cm (15.6"") 1366 x 768 Pixel AMD Athlon Silver 4 GB DDR4-SDRAM 256 GB SSD Wi-Fi 5 (802.11ac) FreeDOS"	439,00	prime	no vote available	/HP-Computer-portatile-DDR4-SDRAM-802-11ac/dp/B08L6F9427?dchild=1
5	"Acer Aspire 1 A114-32-C2A6 Notebook con Processore Intel Celeron N4020, Ram 4 GB DDR4, eMMC 64 GB, Display 14"" HD LED LCD, Scheda Grafica Intel UHD 600, Microsoft 365, Windows 10 Home in S Mode, Nero"	279,00	prime	4,4 su 5 stelle	No url Available
6	"Acer Chromebook 314 CB314-1H-C2W1 Notebook, Pc Portatile con Processore Intel Celeron N4000, Ram 4GB DDR4, eMMC 64 GB, Display 14"" Full HD LED LCD, Scheda Grafica Intel, Chrome OS, Silver, [CB]"	349,00	prime	4,3 su 5 stelle	/Acer-Chromebook-CB314-1H-C2W1-Portatile-Processore/dp/B0855696F5?dchild=1
7	HUAWEI MateBook 13 Laptop, FullView Display 2K da 13 Pollici, AMD Ryzen 5 3500U, 8GB RAM, 512GB SSD, Windows 10 Home, Multi-screen Collaboration, Fingerprint Unlock, Fast Charging, Grigio (Space Grey)	799,00	prime	4,3 su 5 stelle	No url Available
8	"Computer portatile Acer A315-56-3804 nero Intel Core i3-1005G1 8 GB 256 GB SSD Intel HD Graphics 15,6"" FHD Mate WIN10 in modalità S"	526,19	prime	1,5 su 5 stelle	/Computer-portatile-Acer-A315-56-3804-i3-1005G1/dp/B08B4SXCJ1?dchild=1
9	Easy to Learn, Hard to Master - The Fate of Atari	no price available	not prime	4,5 su 5 stelle	No url Available
10	BMAX Y13 Notebook 2 in 1 Touchscreen Convertible Laptop 13.3 pollici 1920x1080 FHD Blacklit Keyboard (Intel Quad Core N4120, 8GB RAM, 256GB SSD, Windows 10 Home) Type C	449,00	not prime	4,1 su 5 stelle	/Y13-Notebook-Convertible-Touchscreen-1920x1080/dp/B07XT5ZSJD?dchild=1
11	"HUAWEI MateBook D 14"" Notebook Portatile, Processore AMD Ryzen 5, 8 GB RAM, 512 GB SSD, Schermo FullView 1080P FHD, Sensore Impronte Digitali, Windows 10 Home, Laptop, Grigio"	no price available	not prime	4,5 su 5 stelle	No url Available
12	"HP - PC Chromebook 14b-ca0000nl Convertibile, Intel Celeron N4000, RAM 4 GB, eMMC 64 GB, Sistema Operativo Chrome OS, Google Play Store, Schermo Touch FHD 14"", Bang&Olufsen, USB-C, Argento [CB]"	449,99	prime	4,2 su 5 stelle	/HP-Chromebook-14b-ca0000nl-Convertibile-Operativo/dp/B088C6BXWZ?dchild=1
13	PC DELL 7010 SFF Intel Core i5 3470 3.20Ghz/RAM 8GB/500GB/DVD+RW/WIN 10 PRO (Ricondizionato)	167,99	not prime	4,3 su 5 stelle	/DELL-Intel-3-20Ghz-500GB-Ricondizionato/dp/B07RK9N3WM?dchild=1
14	"Acer Aspire 3 A315-57G-742A Pc Portatile, Notebook con Processore Intel Core i7-1065G7, Ram 8 GB DDR4, 512 GB PCIe NVMe SSD, Display 15.6"" FHD LED LCD, NVIDIA GeForce MX330 2 GB, Windows 10 Home"	899,00	prime	4,5 su 5 stelle	/Acer-A315-57G-742A-Portatile-Processore-i7-1065G7/dp/B08D6W7ZPY?dchild=1
15	"ASUS Chromebook C423NA-EB0287, Notebook in alluminio con Monitor 14"" FHD Anti-Glare, Intel Celeron N3350, RAM 4GB LPDDR4, 64G eMMC, Sistema operativo Chrome, Argento [CB]"	315,00	not prime	3,8 su 5 stelle	/ASUS-Chromebook-C423NA-EB0287-alluminio-Anti-Glare/dp/B086TLPRXF?dchild=1
16	COMPUTER FISSO INTEL CORE i7 QUAD CORE - RAM 16 GB - SSD 240 - HDD 1TB - SCHEDA VIDEO DEDICATA 2 GB - LICENZA ORIGINALE MICROSOFT WINDOWS 10 PRO - MASTERIZZATORE DVD - PC DESKTOP	479,00	prime	4,3 su 5 stelle	/COMPUTER-FISSO-INTEL-CORE-QUAD/dp/B088FX7Z2V?dchild=1
17	HP - PC ProBook 440 G7 Notebook, Intel Core i5-10210U, RAM 8 GB, SSD 512 GB, NVIDIA GeForce MX250 2 GB, Windows 10 Pro, Schermo Touch 14” FHD IPS, Lettore Impronte Digitali, HDMI, RJ-45, Argento	779,99	prime	4,1 su 5 stelle	/HP-Notebook-i5-10210U-Impronte-Digitali/dp/B08DFDYCSS?dchild=1
18	"HP - PC 14-ds0014nl Stream Notebook, AMD A4-9120e, RAM 4 GB, eMMC 64 GB, Windows 10 Home S, Schermo 14"" HD SVA Antiriflesso, Office 365 Incluso 1 Anno, USB, HDMI, RJ45, Webcam, Nero"	no price available	not prime	3,8 su 5 stelle	No url Available
19	Notebook SSD slim Acer Intel i3 10 th, RAM 12 GB, SSD 512GB m2, display 15.6 Full hd led, Svga Intel HD 600, 3 USB, Wi-Fi, hdmi, BT, Win 10 Pro, Libre Office, Pronto all'Uso, Garanzia Italia	689,77	prime	4,6 su 5 stelle	No url Available
20	Mini PC, 8GB DDR3+256GB SSD Windows 10 Pro Intel Celeron J3455 (fino a 2,3GHz) Quad-Core CPU Mini Computer Desktop con Doppia HDMI @4K HD,2.4G+5G Dual-Band WiFi,Gigabit Ethernet,BT 4.2	249,90	prime	4,4 su 5 stelle	/Windows-Quad-Core-Computer-Dual-Band-Ethernet/dp/B08L6JQD1Y?dchild=1
21	"MSI Modern 14 A10M-1067XIT, Notebook 14"" FHD,Notebook 14"" FHD, Intel Core I7-10510U, 8GB DDR4 2666MHz, 256GB SSD M.2 PCIe, No-OS"	749,00	prime	4,1 su 5 stelle	/MSI-A10M-1067XIT-Notebook-I7-10510U-2666MHz/dp/B08CB1P91L?dchild=1
22	"Lenovo IdeaPad 3 Chromebook Notebook, Display 11.6"" HD, Processore Intel Celeron N4000, 32GB eMMC, 4GB RAM, Chrome OS, Onyx Black"	259,99	prime	3,5 su 5 stelle	/Lenovo-IdeaPad-Chromebook-Notebook-Processore/dp/B08D9R3849?dchild=1
23	Singularity	no price available	not prime	3,8 su 5 stelle	No url Available
24	"ASUS Chromebook C434TA-AI0367, Notebook Convertibile in alluminio con Monitor 14"" FHD Touchscreen Glossy, Intel Core m3-8100Y, RAM 8GB LPDDR3, 128G eMMC, Sistema operativo Chrome, Argento"	699,00	prime	5,0 su 5 stelle	/ASUS-Chromebook-C434TA-AI0367-Convertibile-Touchscreen/dp/B08958MZLD?dchild=1
25	"Notebook Lenovo SSD Cpu AMD A4, Display Hd Led da 15,6"" Ram 8Gb DDR4 , SSD 256GB Nvme, Wifi, Webcam, Bt, 3 usb, versione entry level, Win10 Pro, Pronto All'uso immediato, Garanzia Italia 2 Anni"	no price available	not prime	4,4 su 5 stelle	No url Available
26	Hp 255 G7 Notebook HP Display da 15.6”, CPU AMD A4-9125, Ram 4Gb DDR4 SSD M.2 256 Gb, Radeon R3, Pc portatile HP, HDMI, DVD CD RW, Wi Fi,Bluetooth, Windows 10 Professional	no price available	not prime	4,3 su 5 stelle	No url Available
27	PC DESKTOP COMPUTER FISSO CON LICENZA WINDOWS 10 pro Talloncino con seriale INTEL QUAD CORE RAM 8GB DDR HD1TB DVD/WIFI/HDMI FISSO COMPLETO ASSEMBLATO	249,99	not prime	4,1 su 5 stelle	No url Available
28	2020 NUOVO ARRIVO CHUWI HeroBook Pro 14,1 pollici 1920 * 1080 Schermo IPS Processore Intel N4000 DDR4 8 GB 256 GB SSD Laptop Windows 10(Adesivo tastiera in lingua italiana gratuito)	319,00	not prime	5,0 su 5 stelle	/HeroBook-Processore-tastiera-italiana-gratuito/dp/B087LY7M3B?dchild=1
29	PC Computer Desktop Gaming Entry Level Fujitsu Esprimo P710 Windows 10 Professional Intel Core i5-3470S Memoria Ram 8GB DDR3 Hard Disk 500GB DVD-ROM USB 3.0 GeForce GT710 2GB (Ricondizionato)	199,90	not prime	4,4 su 5 stelle	No url Available
30	"HP - PC Chromebook 14a-na0005nl, Intel Pentium Silver N5000, RAM 4 GB, eMMC 64 GB, Sistema Operativo Chrome OS, Google Play Store, Schermo FHD 14"", Audio Bang&Olufsen, USB-C, Webcam, Argento [CB]"	429,99	prime	5,0 su 5 stelle	/HP-Chromebook-14a-na0005nl-Pentium-Operativo/dp/B087GJY7MK?dchild=1
31	Yizhet Hub USB 3.0 4 Porte Ultrasottile Hub USB con Cavo Esteso da 1M per MacBook Air, Mac PRO/Mini, Windows 10/8.1/8/7/XP, Vista -Trasmissione Dati Alta velocità (5 Gbps)	11,89	not prime	no vote available	/Yizhet-Ultrasottile-MacBook-Trasmissione-velocit%C3%A0/dp/B08KQ2YZBC?dchild=1
32	"Lenovo IdeaPad Flex 5 Notebook Convertibile, Display 14"" Full HD Touch, Processore Intel Core i5-1035G1, 512 GB SSD, RAM 8 GB, Fingerprint, Lenovo Digital Pen, Windows 10, Graphite Grey"	899,99	prime	4,2 su 5 stelle	/Lenovo-Convertibile-Processore-i5-1035G1-Fingerprint/dp/B089NWXD2L?dchild=1
33	"Acer Aspire C24-963 Computer Fisso All in One, PC Desktop con Processore Intel Core i5-1035G1, Ram 8 GB DDR4, SSD 256 GB M.2 PCIE, Display 23.8"" FHD IPS, Intel UHD, Wireless Lan, Windows 10 Home, Nero"	749,00	prime	4,5 su 5 stelle	/Acer-Computer-Processore-i5-1035G1-Wireless/dp/B084XRM5B1?dchild=1
34	AXUF 1080P HD Webcam può Essere piegata in Base allo Spessore del Computer, Copertura per la Privacy con videocamera per Microfono, treppiede, Laptop, Computer, videocamera Plug And Play Desktop	33,99	prime	4,5 su 5 stelle	/AXUF-Copertura-videocamera-Microfono-treppiede/dp/B08MBQY8YG?dchild=1
35	Portatile HP Stream 14-ds0008nf Blu A4-9120e dual 4GB DDR4 64GB eMMC AMD Graphics - UMA 14'' HD slim SVA W10H-MS 1V2L8EA#ABF	309,60	prime	2,8 su 5 stelle	/Portatile-HP-14-ds0008nf-A4-9120e-Graphics/dp/B08D9WSJZN?dchild=1
36	CHUWI CoreBox Mini PC Windows 10 ,Intel Core i5-5257U Mini Desktop pc, 8GB DDR3 256GB SSD,Expandable 2TB 2.5 Pollici HDD, 2.4GHz/5GHz Dual WiFi / 4K Decodifica /BT4.2	299,00	prime	4,2 su 5 stelle	/CHUWI-CoreBox-i5-5257U-Expandable-Decodifica/dp/B08BYFN5BC?dchild=1
37	Virtual Revolution	no price available	not prime	4,0 su 5 stelle	No url Available
38	Notebook 13.3 Pollici TECLAST F6PLUS Pc portatile 360 ° Convertibile Intel Celeron N4100,256 GB SSD, 8 GB RAM, 4K, 1920 x 1080, Windows 10 Grigio	no price available	not prime	3,8 su 5 stelle	No url Available
39	"LENOVO Notebook Essential V145-15AST Monitor 15.6"" HD AMD A4-9125 Ram 4GB SSD 256GB 2xUSB 3.0 Free Dos"	no price available	not prime	4,1 su 5 stelle	No url Available
40	SONGMICS Sedia da Gaming, Sedia da Ufficio Alta, Altezza Regolabile, Braccioli Pieghevoli, Meccanismo di Inclinazione, per Gioco da Computer, Nero OBG28B	87,99	prime	4,5 su 5 stelle	/SONGMICS-Braccioli-Sollevabile-Regolabile-Ergonomica/dp/B017IAKF8Q?dchild=1
41	Doo Webcam 1080P Full HD, doosl Webcam per Laptop, Computer con Clip Regolabile per Videochiamate, Studi, Registrazione e Giochi	23,99	not prime	no vote available	/Doo-Computer-Regolabile-Videochiamate-Registrazione/dp/B08KCDQ18K?dchild=1
42	"Acer Chromebook 514 CB514-1H-P9AS Notebook Portatile, Processore Intel Pentium Quad-Core N4200, Ram 4GB DDR4, eMMC 128 GB, Display 14"" IPS Full HD, Grafica Intel HD 505, Chrome OS, Silver, [CB]"	479,00	prime	4,4 su 5 stelle	/Acer-Chromebook-CB514-1H-P9AS-Portatile-Processore/dp/B0857X4CZ5?dchild=1
43	"Notebook Pc Portatile Lenovo Display Led da 15.6"" / Cpu Amd A4 2.30GHz / Ram 8Gb Ddr4 / Ssd 256gb / Grafica Radeon R3 / Hdmi / Masterizzatore / Wifi / Bluetooth /Web Cam / Open Office / Windows 10 pro"	no price available	not prime	4,0 su 5 stelle	No url Available
44	"Nuovo Apple MacBook Pro (13"", 16GB RAM, 512GB Memoria SSD, Magic Keyboard) - Argento"	2.026,43	prime	4,6 su 5 stelle	/Nuovo-Apple-MacBook-Memoria-Keyboard/dp/B0882T64W8?dchild=1
45	"ASUS Zenbook 14 UX425JA-BM147T, Notebook in alluminio con Monitor 14"" FHD Anti-Glare, Intel Core i5-1035G1, RAM 8GB LPDDR4X, 512GB SSD PCIE, Windows 10 Home, Argento"	829,00	prime	4,5 su 5 stelle	/ASUS-UX425JA-BM147T-alluminio-Anti-Glare-i5-1035G1/dp/B086VPWHZ1?dchild=1
46	"Acer Swift 1 SF114-32-P4X8 Argento Computer Portatile 35,6 cm (14"") 1920 x 1080 Pixel Intel® Pentium® Silver 4 GB DDR4-SDRAM 256 GB SSD Windows 10 Home Swift 1 Swift 1 SF114-32-P4X8 N5000"	669,16	prime	5,0 su 5 stelle	/Acer-SF114-32-P4X8-Computer-Portatile-DDR4-SDRAM/dp/B07W67C5WS?dchild=1
47	"Acer Nitro 5 AN515-54-72FF Notebook Gaming, Processore Intel Core i7-9750H, RAM 16 GB DDR4, 1024GB PCIe NVMe SSD, Display 15.6"" FHD IPS 60 Hz LCD, Nvidia GeForce GTX 1650 4GB GDDR5, Windows 10 Home"	1.299,00	prime	4,4 su 5 stelle	/Acer-AN515-54-72FF-Notebook-Processore-i7-9750H/dp/B084XLGBKV?dchild=1
0	"HP 250 G7 Notebook PC Computer portatile Nero 39,6 cm (15.6"") 1366 x 768 Pixel Intel® Core™ i3 di decima generazione 8 GB DDR4-SDRAM 256 GB SSD Wi-Fi 4 (802.11n) Win10Pro"	no price available	not prime	5,0 su 5 stelle	No url Available
1	HP - PC Pavilion x360 14-dw0003nl Convertibile, Intel Core i3-1005G1, RAM 8 GB, SSD 256 GB, Grafica Intel UHD, Windows 10 Home, Schermo Touch 14” FHD IPS, Lettore Impronte Digitali, USB-C, Argento	699,99	not prime	5,0 su 5 stelle	/HP-Pavilion-14-dw0003nl-Convertibile-i3-1005G1/dp/B08BKT9YC2?dchild=1
2	"Apple MacBook PRO Grigio Computer Portatile 40,6 cm (16"") 3072 x 1920 Pixel 9th Gen Intel® Core i7 16 GB DDR4-SDRAM 512 GB SSD macOS Catalina MacBook PRO, 9th Gen Intel® Core i7, 2,6"	no price available	not prime	4,7 su 5 stelle	No url Available
3	"HP - Gaming Pavilion 16-a0019nl Notebook, Intel Core i7-10750H, RAM 16 GB, SSD 512 GB, NVIDIA GeForce GTX 1650Ti 4 GB, Windows 10 Home, Schermo 16.1"" FHD IPS, Webcam, USB-C, HDMI, RJ-45, Nero"	1.299,99	prime	5,0 su 5 stelle	/HP-Pavilion-16-a0019nl-Notebook-i7-10750H/dp/B08BKV4VVW?dchild=1
4	"ASUS M509DA-EJ025T Argento Computer portatile 39,6 cm (15.6"") AMD Ryzen 5 8 GB DDR4-SDRAM 512 GB SSD Windows 10"	no price available	not prime	4,3 su 5 stelle	No url Available
5	"ASUS P509JA-EJ025R Grigio Computer portatile 39,6 cm (15.6"") 1920 x 1080 Pixel Intel® Core? i3 di decima generazione 4 GB 256 GB SSD Wi-Fi 5 (802.11ac) Windows 10 Pro"	no price available	not prime	no vote available	No url Available
6	Tablet PC 7 Pollici,Computer portatile Quad Core Con Tastiera e Penna, Tableta memoria RAM da 512MB + 8GB,Fotocamera integrata Dual Camera,WIFI,Bluetooth (Rosa)	66,99	prime	2,9 su 5 stelle	/Computer-portatile-Fotocamera-integrata-Bluetooth/dp/B07T96DWZ9?dchild=1
7	Dark/Web	no price available	not prime	no vote available	No url Available
8	"ASUS Chromebook C223NA-GJ0067, Notebook con Monitor 11.6"" HD Anti-Glare, Intel Celeron N3350, RAM 4GB LPDDR4, 32G eMMC, Sistema operativo Chrome, Grigio"	269,00	prime	1,0 su 5 stelle	/ASUS-Chromebook-C223NA-GJ0067-Anti-Glare-operativo/dp/B0895CRMC6?dchild=1
9	Megaport PC-Gaming Intel Core i7-10700F 8x 2.90GHz • GeForce RTX 2060 6GB • 16 GB DDR4 • 480GB SSD • 1TB HDD • Windows 10 Home • WiFi • PC da gaming • PC assemblato	1.199,00	not prime	4,4 su 5 stelle	/Megaport-PC-Gaming-i7-8700-assemblato-completo/dp/B079G2RQVB?dchild=1
10	"Apple MacBook Air Argento Computer Portatile 33,8 cm (13.3"") 2560 x 1600 Pixel Intel® Core i3 di Decima Generazione 8 GB LPDDR4x-SDRAM 256 GB SSD Wi-Fi 5 (802.11ac) macOS Catalina MacBook"	no price available	not prime	4,8 su 5 stelle	No url Available
11	"Acer Aspire 3 A315-56-5205 - Computer portatile 15,6"" FHD (Core i5, 8 GB di RAM, SSD 512 GB, Intel UHD Graphics, Windows 10F)"	742,27	prime	3,6 su 5 stelle	/Acer-Aspire-A315-56-5205-Computer-portatile/dp/B089T436YR?dchild=1
12	"HONOR MagicBook 14 Notebook, 14"" FullHD(AMD Ryzen 5-3500U, 8GB RAM, 256GB PCIe SSD, 1920*1080, Windows 10, Multischermo Collaborazione, USB 3.0), Spazio Grigio (Tastiera QWERTY Inglese)"	605,99	prime	3,9 su 5 stelle	/HONOR-MagicBook-Notebook-Multischermo-Collaborazione/dp/B08GLJ6667?dchild=1
13	"ASUS ROG Strix G15 G512LI-HN113T, Notebook Monitor 15,6"" FHD Anti-Glare 144Hz, Intel Core i7-10750H, RAM 16GB DDR4, Grafica NVIDIA GeForce GTX1650 Ti 4GB, 512GB SSD PCIE, Windows10 Home, Nero scuro"	1.199,00	prime	4,3 su 5 stelle	/ASUS-G512LI-HN113T-Anti-Glare-i7-10750H-Windows10/dp/B086VR1G9F?dchild=1
14	"Acer Nitro 5 AN515-44-R6WC Notebook Gaming con Processore AMD Ryzen 7 4800H, Ram 8 GB DDR4, 512 GB PCIe NVMe SSD, Display 15.6"" FHD IPS LED LCD, NVIDIA GeForce GTX 1650 4 GB, Windows 10 Home"	1.099,00	prime	4,5 su 5 stelle	/Acer-AN515-44-R6WC-Notebook-Processore-Display/dp/B087D42TS5?dchild=1
15	Apple MacBook Pro MD101LL/A - Computer portatile da 13,3inch (2,5 Ghz, 4 GB RAM, 500 GB HD)(Ricondizionato)	no price available	not prime	3,8 su 5 stelle	No url Available
16	PC Computer Desktop Fujitsu Esprimo E720, Windows 10 Professional, Intel Core i5-4570, Memoria Ram 8GB DDR3, SSD 480GB, DVD-ROM, WIFI (Ricondizionato)	198,99	not prime	5,0 su 5 stelle	/Computer-Desktop-Fujitsu-Professional-Ricondizionato/dp/B08KXYQSWH?dchild=1
17	"Lenovo AIO 3 IdeaCentre All in One 3, Display 21.5"" Full HD, Processore AMD Athlon Silver 3050U, 256 GB SSD, RAM 8 GB, DVD±RW, Windows 10, Tastiera e Mouse USB, Business Black"	499,00	prime	4,1 su 5 stelle	/Lenovo-AIO-IdeaCentre-Processore-Tastiera/dp/B089MCMX97?dchild=1
18	HP – PC 15s-eq0021nl Notebook, AMD Ryzen 3, RAM 8 GB, SSD 256 GB, Grafica AMD Radeon Vega 3, Windows 10 Home S, Schermo 15” FHD SVA Antiriflesso, Micro-Edge, Fast Charge, Lettore SD/Micro SD, Argento	no price available	not prime	4,4 su 5 stelle	No url Available
19	"Acer Aspire 3 A315-42 Computer Portatile Nero 39,6 cm (15.6"") 1920 x 1080 Pixel AMD Athlon II 4 GB DDR4-SDRAM 128 GB SSD Wi-Fi 5 (802.11ac) Windows 10 Home Aspire 3 A315-42, AMD Athlon II, 2,4"	323,36	not prime	1,0 su 5 stelle	/Acer-Computer-Portatile-DDR4-SDRAM-802-11ac/dp/B087XD9RXK?dchild=1
20	"Notebook HP 250 G7 Silver Portatile Display da 15.6"" /Cpu Intel core I3-1005G1 3,4Ghz /Ram 8Gb DDR4 /SSD M2 512GB /VGA INTEL UHD /Hdmi DVD Wifi Bluetooth/Windows 10 professional + Open Office"	no price available	not prime	4,3 su 5 stelle	No url Available
21	Megaport PC Completo AMD Athlon 3000G 2x 3.50GHz • AMD Radeon Vega 3 • Schermo ASUS Full-HD LED 24” • Tastiera/Mouse • Windows 10 Home • 1TB HDD • 8GB RAM DDR4 2400	529,00	not prime	4,1 su 5 stelle	/Megaport-Completo-A8-9600-Tastiera-completo/dp/B01K7YAMEC?dchild=1
22	Thomson HERO9A-1BK32 - Computer portatile 2 in 1 Nero 9	130,44	prime	3,3 su 5 stelle	/Thomson-COMPUTER-PORTATILE-quad-core-Graphics/dp/B07235SJ82?dchild=1
23	Automan	no price available	not prime	no vote available	No url Available
24	"Apple MacBook PRO Grigio Computer Portatile 40,6 cm (16"") 3072 x 1920 Pixel 9th Gen Intel® Core i9 16 GB DDR4-SDRAM 1024 GB SSD macOS Catalina MacBook PRO, 9th Gen Intel® Core i9, 2,3"	no price available	not prime	4,6 su 5 stelle	No url Available
25	"SAMSUNG Galaxy Book Ion NP950XCJ-X01DE Notebook/Portatile Computer Portatile Argento 39,6 cm (15.6"") 1920 x 1080 Pixel Intel® Core i7 di Decima Generazione 16 GB DDR4-SDRAM 512 GB SSD Wi-Fi 6 ("	2.015,89	prime	3,3 su 5 stelle	/SAMSUNG-NP950XCJ-X01DE-Portatile-Generazione-DDR4-SDRAM/dp/B0892QX5DG?dchild=1
26	Mini PC, Intel Pentium J3710 Processore Quad-Core CPU 4 GB DDR / 128 GB SSD Mini Desktop Computer con Windows 10, HDMI e VGA, Dual Band WiFi 2,4 + 5,8 G, BT 4.2, USB 3.0	189,99	prime	4,7 su 5 stelle	/Pentium-Processore-Quad-Core-Desktop-Computer/dp/B08H816MBC?dchild=1
27	VESSTT Webcam per PC, Full HD 1080P Videocamera con Microfono PC Laptop Desktop Computer USB 2.0 Full HD Videocamera con Clip Regolabile per Videochiamata, Studi, Conferenze, Registrazione e Giochi	29,99	prime	4,6 su 5 stelle	/VESSTT-Videocamera-Regolabile-Videochiamata-Registrazione/dp/B08K3FHDMD?dchild=1
28	"Nuovo Apple MacBook Pro (16"", 16GB RAM, Archiviazione 1TB, Intel Core i9 a 2,3GHz) - Grigio Siderale"	3.028,00	prime	4,6 su 5 stelle	/Nuovo-Apple-MacBook-Archiviazione-Intel/dp/B081G26RWP?dchild=1
29	The Commodore Wars - 8-Bit Generation	no price available	not prime	no vote available	No url Available
30	"Lenovo Chromebook S345 Notebook, Display 14"" Full HD TN, Processore AMD A6-9220C, 64 GB eMMC, RAM 4 GB, Chrome OS, Mineral Grey"	329,00	prime	no vote available	/Lenovo-Chromebook-Notebook-Processore-A6-9220C/dp/B08J8C1TD2?dchild=1
31	"Apple MacBook PRO Argento Computer Portatile 33,8 cm (13.3"") 2560 x 1600 Pixel Intel® Core i5 di ottava Generazione 8 GB LPDDR3-SDRAM 256 GB SSD Wi-Fi 5 (802.11ac) macOS Catalina MacBook"	no price available	not prime	4,7 su 5 stelle	No url Available
32	HAPAW Supporto PC Portatile, 8-Levels Regolabile Supporto Laptop Notebook Pieghevole Alluminio Porta Tablet PC Supporto Compatibile con MacBook Air/PRO, dell, XPS, HP, Lenovo, iPad, Cellulare (5”–18”)	19,98	not prime	4,4 su 5 stelle	/HAPAW-Portatile-Regolabile-Pieghevole-Compatibile/dp/B08C57S29M?dchild=1
33	PC DELL 7010 SFF Intel Core i5 3470 3.20Ghz/RAM 8GB/480GB SSD/DVD+RW/WIN 10 PRO (Ricondizionato)	209,57	not prime	4,5 su 5 stelle	/DELL-Intel-3-20Ghz-480GB-Ricondizionato/dp/B07RR23WR2?dchild=1
34	"Lenovo ThinkBook 15 Grigio Computer Portatile 39,6 cm (15.6"") 1920 x 1080 Pixel Intel® Core i7 di Decima Generazione 16 GB DDR4-SDRAM 512 GB SSD Wi-Fi 6 (802.11ax) ThinkBook 15, Intel®"	1.084,61	prime	2,7 su 5 stelle	/Lenovo-ThinkBook-Portatile-Generazione-DDR4-SDRAM/dp/B08656628P?dchild=1
35	"Acer Swift 3 SF314-58-597S Pc Portatile, Notebook con Processore Intel Core i5-10210U, 8 GB DDR4, 512 GB PCIe NVMe SSD, Display 14"" FHD IPS LED LCD, Scheda Grafica Intel UHD, Windows 10 Home, Silver"	749,00	prime	4,2 su 5 stelle	/Acer-SF314-58-597S-Portatile-Processore-i5-10210U/dp/B084XLQDBS?dchild=1
36	Notebook Lenovo Silver 8 Gb DDR4, SSD M.2 PCi da 256Gb cpu Amd A4 3020 di ultima generazione, Display Hd da 15,6 pollici, web cam, 3usb, hdmi, bt, Win10 Pro, Pronto All'uso, garanzia Italia	no price available	not prime	4,3 su 5 stelle	No url Available
37	"Apple MacBook Air Oro Computer Portatile 33,8 cm (13.3"") 2560 x 1600 Pixel Intel® Core i3 di Decima Generazione 8 GB LPDDR4x-SDRAM 256 GB SSD Wi-Fi 5 (802.11ac) macOS Catalina MacBook Air,"	no price available	not prime	4,8 su 5 stelle	No url Available
38	"ASUS VivoBook S15 S533FA-BQ008T Computer Portatile 39,6 cm (15.6"") 1920 x 1080 Pixel Intel Core i5 di Decima Generazione 8 GB DDR4-SDRAM 512 GB SSD Wi-Fi 6 (802.11ax) Windows 10, Tastiera Tedesca"	852,07	prime	2,5 su 5 stelle	/ASUS-S533FA-BQ008T-Portatile-Generazione-DDR4-SDRAM/dp/B083SWY6CV?dchild=1
39	"Acer Nitro 5 AN515-54-55CQ Notebook Gaming, Intel Core i5-9300H, Ram 8 GB, 512 GB PCIe NVMe SSD, Display 15.6"" FHD IPS 60 Hz LCD, Nvidia GeForce GTX 1650 4 GB GDDR5, No Sistema Operativo"	899,00	prime	3,2 su 5 stelle	/Acer-AN515-54-55CQ-Notebook-i5-9300H-Operativo/dp/B084XLFCX3?dchild=1
40	"HP - PC 15s-eq1015nl Notebook, AMD Ryzen 3, RAM 8 GB, SSD 128 GB, Grafica AMD Radeon R3, Windows 10 Home S Mode, Schermo 15.6"" FHD SVA Antiriflesso, Lettore Micro SD, HDMI, USB-C, Webcam, Grigio"	499,99	prime	4,4 su 5 stelle	/HP-15s-eq1015nl-Notebook-Grafica-Antiriflesso/dp/B089QX6XDD?dchild=1
41	AWOW - Computer portatile con touchscreen da 13,3 pollici, 1920 x 1080 FHD touchscreen, Windows 10 Pro, 8 GB DDR4, 512 G SSD, IPX5, impermeabile, colore: Argento, Tastiera Americana	439,99	prime	5,0 su 5 stelle	/AWOW-portatile-touchscreen-impermeabile-Americana/dp/B08B1BH458?dchild=1
42	Beelink BT3 Pro II Mini PC Support Windows 10, Intel Atom x5-Z8350 Processor 4GB Ram 64GB Rom Graphics HD 400, 1000Mbps LAN MINI Computer con 5.8G+2.4G WiFi HDMI+VGA Outputs/Bluetooth 4.0/USB 3.0	149,99	prime	4,3 su 5 stelle	/SeeKool-x5-Z8350-Processor-Graphics-Bluetooth/dp/B07CQGRZKF?dchild=1
43	HP 255 G7 senza Sistema Operativo (FreeDOS)	no price available	not prime	4,2 su 5 stelle	No url Available
44	BIGMAC Computer portatile da 10 pollici Android 6.0 Quad core laptop mini netbook 8GB WIFI webcam Netflix YouTube google Flash ultra-sottile (Argento)	149,00	not prime	3,6 su 5 stelle	/BIGMAC-Computer-portatile-pollici-ultra-sottile/dp/B087R2121J?dchild=1
45	HP - PC 15-dw1016nl Notebook, Intel Core i7-10510U, RAM 8 GB, SSD 256 GB, NVIDIA GeForce MX130 2 GB, Windows 10 Home, HP Fast Charge, Lettore Micro SD, USB-C, HDMI, Webcam, RJ-45, Argento	899,99	prime	4,4 su 5 stelle	/HP-15-dw1016nl-Notebook-i7-10510U-GeForce/dp/B08BKTWDQQ?dchild=1
46	Mini PC,Intel Celeron J4125,8GB RAM+120GB ROM,Windows 10 Pro(64-bit),Supporto 2.5'' SATA SSD/HDD,Dual WiFi 2.4/5G, Bluetooth 4.2,4K HD,2 HDMI+1 VGA +USB 3.0 Porta AK3 Mini Computer Desktop	239,90	prime	3,7 su 5 stelle	/Celeron-Windows-Supporto-Bluetooth-Computer/dp/B089T4B234?dchild=1
47	"HP 255 G7 Notebook portatile, SSD M2 da 512GB, Display da 15.6"", Amd A6 3050U fino a 3,2 GHz, 8GB di RAM DDR4, Libre Office, Wi-fi, Dvd-Cd Rw, 3 usb, web cam, Win10 Pro, Pronto All'uso, Gar. Italia"	no price available	not prime	4,1 su 5 stelle	No url Available
0	Lenovo, Mini PC, Desktop Computer, ThinkCentre M93p USDT Tiny Intel Core i5 240GB SSD (NEU) Hard Disk 8GB memoria Win 10 Pro W-LAN 10AAA0PQ00 (ricondizionato)	232,00	not prime	4,3 su 5 stelle	/Lenovo-ThinkCentre-SSD-10AAA0PQ00-certificato/dp/B07L9T18SW?dchild=1
1	You Are Wanted - Season 2	no price available	not prime	no vote available	No url Available
2	"Acer Swift 3 SF314-42-R4XJ Computer Portatile Argento 35,6 cm (14"") 1920 x 1080 Pixel AMD Ryzen 7 8 GB LPDDR4-SDRAM 1000 GB SSD Wi-Fi 6 (802.11ax) Windows 10 Home Swift 3 SF314-42-R4XJ, AMD"	no price available	not prime	2,5 su 5 stelle	No url Available
3	"HP EliteBook 830 G5 1.60GHz i5-8250U Intel® Core™ i5 di ottava generazione 13.3"" 1920 x 1080Pixel Argento Computer portatile"	1.247,50	not prime	no vote available	/HP-EliteBook-generazione-1080Pixel-portatile/dp/B07C7YSXCC?dchild=1
4	KKshop Cuffie 3.5mm per Computer con Microfono, Cuffie Rumore Business Cancellare, Cuffie per PC Cellulare, Perfetto per Skype, Seminario Web, Chiamare, Call Center	19,59	not prime	4,8 su 5 stelle	/KKshop-Microfono-Cancellare-Cellulare-Seminario/dp/B08JPN89X4?dchild=1
5	"HP-PC Pavilion 14-ce3034nl Notebook, Intel Core i5-1035G1, RAM 8 GB, SSD 512 GB, Grafica UHD Intel, Windows 10 Home, Schermo 14"" FHD Antiriflesso, Lettore Impronte Digitali, Lettore Micro SD, Argento"	no price available	not prime	4,3 su 5 stelle	No url Available
6	PRIXTON Netbook PC11 Pro - Laptop portatile / Notebook Computer portatili con schermo da 11,6 pollici, Windows 10 Pro, processore Intel, 3GB RAM / 32GB / 512GB SSD, tastiera QWERTY spagnola	no price available	not prime	3,0 su 5 stelle	No url Available
7	Mini PC Beelink Gemini T34,Windows 10(64 bit) Computer desktop Intel Celeron N3450 RAM 8GB/128GB Support Dual System(Windows Ubuntu)/ SSD mSATA/Dual WiFi/BT 4.0	219,00	prime	4,5 su 5 stelle	/Beelink-PC%EF%BC%8CWindows-Computer-desktop-Celeron/dp/B07YTGYXCK?dchild=1
8	Bikien Supporto PC Portatile,Supporto per Laptop da Tavolo Pieghevole Regolabile con Raffreddamento,Supporto per Laptop Portatile In Alluminio Leggero per Macbook Air/Pro(Fino A 15,6 Pollici) Argento	16,99	not prime	5,0 su 5 stelle	/Bikien-Portatile-Pieghevole-Regolabile-Raffreddamento/dp/B08KY52S5V?dchild=1
9	"Nuovo Apple MacBook Air (13"", Processore Intel Core i3 dual‑core di decimo generazione a 1,1GHz, 8GB RAM, 256GB) - Oro"	1.099,00	prime	4,7 su 5 stelle	/Apple-Processore-Intel-Core-i3-dual%E2%80%91core-generazione/dp/B0863TK7TN?dchild=1
10	Xnuoyo TSA Friendly Laptop Zaino, 15.6 Pollici Resistente all'Acqua Zaino per Computer con Borsa Termostatica e Tasche RFID Daypack Casual per Scuola/Affari/Lavoro/Uomini/Donne	34,99	prime	4,4 su 5 stelle	/Xnuoyo-Friendly-Resistente-allAcqua-Termostatica/dp/B083VRKXGC?dchild=1
11	"MSI GF63 Thin 9SCXR-441IT, Notebook Gaming, 15,6"" FHD, Intel I5-9300H, 8GB RAM DDR4, 512GB SSD M.2 PCIe, Nvidia GTX 1650Max-Q, 4GB GDDR6 [Layout e Garanzia Italiane]"	949,99	prime	4,4 su 5 stelle	/MSI-9SCXR-441IT-Notebook-I5-9300H-1650Max-Q/dp/B08B8NVVBJ?dchild=1
12	Hp 255 G7 Notebook hp Display da 15.6” Fino A 2.60GHz,Ram 8Gb Ddr4 SSd M.2 256Gb,Radeon R3,Pc portatile Hp,Hdmi,DVD,Cd RW,Wi fi,Bluetooth,Windows 10 professional	no price available	not prime	4,1 su 5 stelle	No url Available
13	Cuffie per PC, cuffie USB per computer, cuffie da gioco con microfono a cancellazione del rumore e controllo del volume, call center cablato leggero, ultra confortevole, cuffie per computer e PC	20,99	not prime	4,8 su 5 stelle	/computer-microfono-cancellazione-controllo-confortevole/dp/B08LKV4SYT?dchild=1
14	PULSAR PC FISSO FAST SERIES VELOCE DESKTOP COMPUTER | INTEL QUAD CORE | RAM 16 GB | SSD 240 GB | DVD MASTERIZZATORE | HDMI | WI FI | FISSO COMPLETO ASSEMBLATO ATX 500W CON MICROSOFT WINDOWS 10	269,99	not prime	4,1 su 5 stelle	/PULSAR-COMPUTER-MASTERIZZATORE-ASSEMBLATO-OPERATIVO/dp/B01MYM5SZT?dchild=1
15	"BMAX S13a Portatile PC 13.3"" Windows 10 Notebook, Intel N3350 8GLPDDR4 +128G SSD, fino a 2.4 GHz, USB 3.0*2, BT 4.2, Fotocamera frontale,Tastiera americana QQWERTY"	259,99	not prime	3,6 su 5 stelle	/Portatile-Notebook-8GLPDDR4-Fotocamera-americana/dp/B08HMZPBCS?dchild=1
16	Bigmac Windows 10 Computer Portatile Mini 10.1 Pollici 32GB Ultra Sottile e Leggero Netbook Intel Quad Core CPU PC HDMI WiFi USB Netflix YouTube (Nero)	229,60	prime	3,1 su 5 stelle	/Bigmac-Windows-Computer-Portatile-Pollici/dp/B08DL56RNJ?dchild=1
17	"HP - PC Pavilion 15-cw1085nl Notebook, AMD Ryzen 5 3500U, RAM 8 GB, SSD 512 GB, Grafica AMD Radeon Vega 8, Windows 10 Home, Schermo 15.6"" FHD IPS, Lettore Micro SD, HDMI, USB-C, RJ-45, Webcam, Argento"	no price available	not prime	4,4 su 5 stelle	No url Available
18	"Acer Nitro 5 AN515-54-76WR - Computer portatile da gaming, 15,6"", FHD (Intel Core i7, 16 GB di RAM, SSD 1TB, RTX 2060, 6 GB, Windows 10)"	1.379,87	prime	4,3 su 5 stelle	No url Available
19	"HP OMEN 17-cb1075ng Computer Portatile Nero 43,9 cm (17.3"") 1920 x 1080 Pixel Intel® Core i7 di Decima Generazione 16 GB DDR4-SDRAM 1512 GB HDD+SSD NVIDIA GeForce RTX 2070 Super Wi-Fi 6 (802.11ax)"	2.156,80	prime	no vote available	No url Available
20	Il mio altro computer è il vostro computer portatile Maglietta	15,95	not prime	no vote available	/altro-computer-vostro-portatile-Maglietta/dp/B08HMXM2TJ?dchild=1
21	Space Valley	no price available	not prime	no vote available	No url Available
22	Huawei MateBook X Pro 2020 Laptop, Touchscreen FullView Ultrabook da 13.9 Pollici, Intel i7 10510U, 16 GB RAM, 1 TB SSD, NVIDIA GeForce MX250, Huawei Share, Windows 10 Home, Grigio	1.744,00	prime	3,5 su 5 stelle	/MateBook-Touchscreen-FullView-Ultrabook-Pollici/dp/B087RY7FFN?dchild=1
23	"Notebook Lenovo Display 15,6"" Full HD Antiglare /Cpu Amd Ryzen 3 R3-3250U Fino a 3,5GHz /Vga INTEL FHD 620 /SSD M2 Nvme 256G /Ram 4Gb DDR4 /web cam /3 usb hdmi Wi-fi bluetooth/Windows 10 Pro Edu"	461,32	not prime	4,0 su 5 stelle	/Notebook-Lenovo-Antiglare-R3-3250U-bluetooth/dp/B088P6CSD1?dchild=1
24	TECLAST X4 11.6 pollici 2 in 1 Touchscreen Laptop Surface Go con supporto regolabile 8 GB RAM 256 GB ROM SSD 1920 x 1080 Full HD IPS Intel N4100 Windows 10 Dual-Band WiFi Type-C (senza tastiera)	no price available	not prime	4,0 su 5 stelle	No url Available
25	"Computer portatile Acer Aspire 5 A515-44-R52A (15,6"") (nero)"	651,14	prime	3,4 su 5 stelle	/Computer-portatile-Acer-Aspire-A515-44-R52A/dp/B08B4NZC7R?dchild=1
26	"Microsoft Surface Laptop 3, 13"", Core i5, RAM 8 GB, SSD 256 GB, Nero"	1.398,99	prime	4,5 su 5 stelle	/Microsoft-Surface-Laptop-Core-Nero/dp/B07XVTHTC2?dchild=1
27	"ACEPC AK1 Mini PC,Windows 10(64 bit) Computer desktop Intel Celeron Apollo Lake J3455 (fino a 2,3GHz) Computer desktop[8GB/120GB/Supporto SSD da 2,5""/ SSD mSATA/Doppio WiFi/Gigabit Ethernet/BT 4.2/4K]"	249,90	prime	4,4 su 5 stelle	/ACEPC-AK1-Computer-Supporto-Ethernet/dp/B07SKGGGP7?dchild=1
28	USB a HDMI Adattatore, da USB 3.0/2.0 a HDMI 1080P Full HD (da Maschio a Femmina) Video e Audio Multi-Display Converter Supporto Laptop PC Proiettore HDTV TV Windows 10/8.1/8/7, XP	15,99	not prime	4,3 su 5 stelle	/Adattatore-Multi-Display-Converter-Supporto-Proiettore/dp/B08KR3D25N?dchild=1
29	XQXA Mochila de viaje para ordenador portátil con puerto de carga USB y puerto para auriculares, mochila para estudiantes de colegio y universidad, compatible con portátil de 15,6 pulgadas	17,99	not prime	4,7 su 5 stelle	/XQXA-portatile-auricolari-universit%C3%A0-portatili/dp/B089QS4WN6?dchild=1
30	"LENOVO Essential V145 Notebook 15,6"" HD (1366x768) Ram 4GB, SSD 256GB, CPU AMD A4, Radeon R3, WIFI Bluetooth Webcam Win 10 Integrato (256GB SSD)"	no price available	not prime	4,1 su 5 stelle	No url Available
31	Nella rete del serial killer	2,99	not prime	5,0 su 5 stelle	/gp/video/ssoredirect/?ru=https%3A%2F%2Fapp.primevideo.com%2Fdetail%3Fgti%3Damzn1.dv.gti.5ab6c977-b133-4f49-10fa-175e720cd19e%26ref_%3Ddvm_src_ret_it_xx_s&page-type-id=B07YNY5G7J&keywords=computer&ref=sr_1_128&sr=8-128
32	MSI Gaming 0017H3-045 Titan DT Computer Portatile Nero, Grigio Gaming GT76 10SGS-045 Titan DT, Nero, Grigio	6.180,91	prime	5,0 su 5 stelle	/MSI-0017H3-045-Computer-Portatile-10SGS-045/dp/B08C3YKC4C?dchild=1
33	Lemnoi Webcam Full HD 1080P con Microfono, Webcam Web USB 2.0/3.0 per PC, Webcam per Computer Plug And Play per videochiamate, Laptop, Facebook, Streaming Live, Youtube, Giochi e conferenze	15,99	not prime	3,8 su 5 stelle	/Lemnoi-Microfono-videochiamate-Streaming-conferenze/dp/B087CSZTNM?dchild=1
34	"MSI GL65 Leopard 10SFSK-297IT, Notebook Gaming, 15,6"" FHD 144Hz, Intel I7-10750H, Nvidia RTX 2070 Super 8GB GDDR6, 512GB SSD M.2 PCIe, 16GB RAM DDR4 2666MHz, Win 10 Home [Layout e Garanzia Italia]"	1.999,99	prime	4,8 su 5 stelle	/MSI-10SFSK-297IT-Notebook-I7-10750H-Garanzia/dp/B08C8Z4W4H?dchild=1
35	"ASUS ZenBook 14 UX434FLC-A5298T Blu Computer portatile 35,6 cm (14"") 1920 x 1080 Pixel Intel® Core? i7 di decima generazione 16 GB LPDDR3-SDRAM 512 GB SSD Windows 10 Home"	no price available	not prime	5,0 su 5 stelle	No url Available
36	"msi Gaming GS66 10SFS-056 Stealth Nero Computer Portatile 39,6 cm (15.6"") 1920 x 1080 Pixel Intel® Core i9 di Decima Generazione 16 GB DDR4-SDRAM 1000 GB SSD NVIDIA GeForce RTX 2070 Super Wi-Fi 6"	3.142,07	prime	3,6 su 5 stelle	/10SFS-056-Computer-Portatile-Generazione-DDR4-SDRAM/dp/B086N7LPMS?dchild=1
37	iClever Tastiera e Mouse Wireless - Tastiera Wireless Ricaricabile Design Ergonomico con Tastierino Numerico, Connessione Stabile 2.4G Tastiera e Mouse Sottile per Windows, Computer Mac OS, Bianco	35,99	prime	4,9 su 5 stelle	No url Available
38	Zaino per laptop da uomo, zaino da scuola da 15,6 pollici, zaino da trekking per il tempo libero	15,99	not prime	4,7 su 5 stelle	/laptop-scuola-pollici-trekking-libero/dp/B08GS213PH?dchild=1
39	"ASUS Laptop A509JB-EJ098T, Notebook con Monitor 15,6"" FHD Anti-Glare, Intel Core i7-1065G7, RAM 8GB DDR4, Grafica NVIDIA GeForce MX110, 512GB SSD PCIE, Windows 10 Home, Argento"	no price available	not prime	3,8 su 5 stelle	No url Available
40	"Lenovo IdeaPad Slim 1 Notebook, Display 14"" HD, Processore AMD A9-9420e, 128 GB SSD, RAM 4 GB, Windows 10, Ice Blue"	no price available	not prime	3,6 su 5 stelle	No url Available
41	"Hp 250 g7 Notebook Pc portatile intel core i3-1005G1, Ram 8Gb Ddr4,Ssd M.2 500 Gb ,Display 15.6""Hd antiriflesso,Windows 10 Professional"	no price available	not prime	4,3 su 5 stelle	No url Available
42	QueenDer Webcam HD 1080P USB PC Camera Plug And Play con Microfono Computer Videocamera con Clip Regolabile per Videochat Registrazione Conferenze Studio	24,04	not prime	3,5 su 5 stelle	/QueenDer-Videocamera-Regolabile-Registrazione-Conferenze/dp/B08K33FDFK?dchild=1
43	HP Elite 8300 – computer Desktop (Intel Core i7 – 3770, GB di RAM, disco SSD GB + GB HDD, lettore DVD, sistema operativo Windows 10 Pro è 64) – Nero (Ricondizionato)	243,90	not prime	4,4 su 5 stelle	/HP-computer-Desktop-operativo-Ricondizionato/dp/B07NGM8KPC?dchild=1
44	Dell Latitude E6400 Intel Core 2 Duo P8700 @2.53ghz 160GB HDD 4GB Ram 14.1'' (Ricondizionato)	169,99	not prime	4,5 su 5 stelle	/Dell-Latitude-E6400-2-53ghz-Ricondizionato/dp/B07YYKQ2D3?dchild=1
45	"ASUS TUF VR Ready Gaming Laptop, 15.6"" IPS FHD, AMD Ryzen 7-4800H Octa-Core 4.20 GHz, NVIDIA RTX 2060, 16GB RAM, 512GB SSD+1TB HDD, RGB Backlit KB, RJ-45 Ethernet, Win 10 QWERTY US Version"	1.230,45	not prime	no vote available	No url Available
46	Tastiera wireless - 2.4G Tastiera wireless ricaricabile Design ergonomico a grandezza naturale con tastierino numerico, connessione stabile Tastiera bianca sottile per Windows, computer Mac OS	32,99	prime	4,4 su 5 stelle	/Tastiera-wireless-ricaricabile-ergonomico-connessione/dp/B089K4HMXY?dchild=1
47	Singularity	no price available	not prime	3,8 su 5 stelle	No url Available
0	Tastiera wireless - 2.4G Tastiera wireless ricaricabile Design ergonomico a grandezza naturale con tastierino numerico, connessione stabile Tastiera bianca sottile per Windows, computer Mac OS	32,99	prime	4,4 su 5 stelle	/Tastiera-wireless-ricaricabile-ergonomico-connessione/dp/B089K4HMXY?dchild=1
1	Mini PC Beelink GK55 - Mini Computer Desktop Windows 10 Intel Celeron Gemini Lake J4125 con 8 GB di RAM + 256 GB SSD, Doppio Display HDMI 4K60Hz, Wi-Fi Dual-band e Gigabit Ethernet	289,90	prime	5,0 su 5 stelle	/Mini-PC-Beelink-GK55-Dual-band/dp/B08JGZ6LYY?dchild=1
2	Gaetooely 14 Pollici 1080P Laptop 2 GB di 32 GB EMMC Atom Z8350 Quad Core CPU 10 Sistema Computer Portatile (Spina Europea)	209,22	not prime	no vote available	/Gaetooely-Pollici-Sistema-Computer-Portatile/dp/B08CDT3RL6?dchild=1
3	Orkney - Zaino per computer portatile, unisex, impermeabile, antifurto, porta di ricarica USB, zaino da viaggio, lavoro, lavoro, ufficio	49,90	prime	5,0 su 5 stelle	/Orkney-computer-portatile-impermeabile-antifurto/dp/B08KY2V8FW?dchild=1
4	Mini PC Fanless Intel Celeron N4000 (up to 2.6GHz) 4GB DDR/64GB eMMC Mini Desktop Computer Windows 10 Pro HDMI and VGA Port 2.4/5.8G WiFi BT4.2 3xUSB3.0 Support Linux,NGFF 2242 SSD	149,99	prime	4,3 su 5 stelle	/Fanless-Celeron-Desktop-Computer-3xUSB3-0/dp/B082VVHXK6?dchild=1
5	"HP 340S G7 Argento Computer Portatile 35,6 cm (14"") 1366 x 768 Pixel Intel® Core™ i5 di Decima Generazione 8 GB DDR4-SDRAM 51"	756,90	not prime	no vote available	/HP-Computer-Portatile-Generazione-DDR4-SDRAM/dp/B0888D1DFP?dchild=1
6	Mouse Bluetooth Wireless Compatibile con Laptop/Macbook/iPad/iPhone (iOS 13.1.2 e successiva) PC Computer Android Mini Mouse Silenzioso Ricaricabile per Windows/Linux/Mac 3DPI Regolabile Bluetooth4.0	12,74	not prime	4,6 su 5 stelle	/Compatibile-successiva-Silenzioso-Ricaricabile-Bluetooth4-0/dp/B085H963P5?dchild=1
7	"Mobile Pixels Trio Max – Sistema di monitor portatile da 14"", per computer portatili, colore: nero"	281,31	prime	3,5 su 5 stelle	/Mobile-Pixels-Trio-Max-portatile/dp/B08FXQQ4SJ?dchild=1
8	Scrivania per laptop in bambù, vassoio da letto portatile regolabile per servire la colazione con cassetto superiore inclinabile	35,99	prime	4,4 su 5 stelle	/Nakey-pieghevole-regolabile-ventilazione-destrimani/dp/B07GSW34HF?dchild=1
9	"Notebook Pc Portatile Lenovo Led da 15.6"" / Cpu Amd A4 2.30GHz / Ram 4Gb Ddr4 / Ssd 256gb / Grafica Radeon R3 / Hdmi / Masterizzatore / Wi fi / Bluetooth / Office Open surce / Windows 10 professional"	no price available	not prime	3,9 su 5 stelle	No url Available
10	"ASUS ROG GA502DU-AL039T Nero Computer portatile 39,6 cm (15.6"") 1920 x 1080 Pixel AMD Ryzen 7 16 GB DDR4-SDRAM 512 GB SSD NVIDIA® GeForce® GTX 1660 Ti Wi-Fi 5 (802.11ac) Windows 10 Home"	1.190,40	not prime	5,0 su 5 stelle	/ASUS-ASUSTEK-GA502DU-AL039T-R7-3750H/dp/B07ZZ72F3S?dchild=1
11	PC RICONDIZIONATO DELL 7010 SFF Intel Core i5 3470 3.20Ghz/RAM 8GB/SSD 240GB/DVD+RW/LICENZA WIN 10 PRO MAR (Ricondizionato) )	161,90	not prime	4,5 su 5 stelle	/RICONDIZIONATO-3-20Ghz-LICENZA-Ricondizionato-Certificato/dp/B07H2GM4K5?dchild=1
12	"LG Gram 17Z90N, Display 17"" QHD 16:10 IPS, 2560x1600, Intel Core i7-1065G7, RAM 16GB DDR4, SSD 512GB, Thunderbolt3, Batteria 80Wh (Fino a 17 Ore), Win10 Home (64bit), Tastiera Italiana, Peso 1350g"	1.599,99	prime	4,6 su 5 stelle	/LG-Gram-17Z90N-Display-QHD/dp/B087MYZC8K?dchild=1
13	Eagle Eye	3,99	not prime	4,7 su 5 stelle	/gp/video/ssoredirect/?ru=https%3A%2F%2Fapp.primevideo.com%2Fdetail%3Fgti%3Damzn1.dv.gti.56ac3cf7-5cde-4390-1e0d-6e2cc7714e3c%26ref_%3Ddvm_src_ret_it_xx_s&page-type-id=B07WG4F29Q&keywords=computer&ref=sr_1_158&sr=8-158
14	Logitech K120 Tastiera Cablata Business per Windows/Linux, USB, Tasti ‎Silenziosi & B100 Mouse USB Cablato, 3 Pulsanti, Rilevamento Ottico, Ambidestro, PC/Mac/‎Laptop, ‎Nero	17,98	prime	4,6 su 5 stelle	/Logitech-Tastiera-%E2%80%8ESilenziosi-Rilevamento-Ambidestro/dp/B08KQXVMWW?dchild=1
15	"Apple MacBook Air Grigio Computer Portatile 33,8 cm (13.3"") 2560 x 1600 Pixel Intel® Core i3 di Decima Generazione 8 GB LPDDR4x-SDRAM 256 GB SSD Wi-Fi 5 (802.11ac) macOS Catalina MacBook"	no price available	not prime	4,6 su 5 stelle	No url Available
16	"Lenovo Legion Y540-15IRH Notebook Gaming, Display 15.6"" Full HD IPS, Processore Intel Core i7-9750HF, 256GB SSD + 1TB HDD, 2x8 GB RAM, Scheda Grafica NVIDIA GeForce RTX 2060, Nero (Raven Black)"	no price available	not prime	3,8 su 5 stelle	No url Available
17	Notebook Dell Latitude E5440 Core i5-4300U 8Gb 320Gb 14.1in DVDRW WEBCAM Windows 10 Professional (Ricondizionato)	439,99	not prime	4,5 su 5 stelle	/Notebook-Dell-Professional-Ricondizionato-Certificato/dp/B078HYHWF4?dchild=1
18	Seagate One Touch da 5 TB, unità disco esterna, argento, USB 3.0 per computer desktop, portatili e Mac, 1 anno a Mylio Create, 4 mesi al piano Adobe Creative Cloud Photography (STKC5000401)	no price available	not prime	no vote available	No url Available
19	Pc desktop intel i7 9700,Ram 16 Gb ddr4, Ssd m.2 256 Gb,Lettore masterizzatore, Windows 10 Pro, cpu 8 core, Computer i7,fisso assemblato cpu 4.70ghz in turbo, wifi desktop ssd completo	659,99	not prime	4,5 su 5 stelle	/desktop-Windows-assemblato-Computer-completo/dp/B0777M33QW?dchild=1
20	Lenovo - Computer portatile IdeaPad Slim HD grigio grigio 11''	no price available	not prime	4,1 su 5 stelle	No url Available
21	"Apple MacBook Pro 2.3GHz Intel Core i5 di settima generazione 13.3"" 2560 x 1600Pixel Grigio Computer portatile (Ricondizionato)"	999,00	not prime	4,4 su 5 stelle	/Apple-generazione-1600Pixel-portatile-Ricondizionato/dp/B078GX9R5W?dchild=1
22	"HP OMEN 17-cb1055ng Computer Portatile Nero 43,9 cm (17.3"") 1920 x 1080 Pixel Intel® Core i7 di Decima Generazione 16 GB DDR4-SDRAM 1512 GB HDD+SSD NVIDIA® GeForce RTX 2060 Wi-Fi 6 (802.11ax)"	1.805,80	prime	3,8 su 5 stelle	/HP-17-cb1055ng-Portatile-Generazione-DDR4-SDRAM/dp/B089361QBD?dchild=1
23	Jumper Mini PC, 4 GB DDR3 64 GB eMMC PC desktop Windows 10 - Mini computer 4k HD CPU Intel Celeron, connessione HDMI + VGA, USB 3.0 / dual band WLAN/Gigabit Ethernet / BT4.0	139,99	prime	4,2 su 5 stelle	/Jumper-Mini-DDR3-desktop-Windows/dp/B08G8K124T?dchild=1
24	COMPUTER FISSO INTEL CORE i7 QUAD CORE - RAM 16 GB - SSD 240 - HDD 1TB - SCHEDA VIDEO DEDICATA 4 GB - LICENZA ORIGINALE MICROSOFT WINDOWS 10 PRO - MASTERIZZATORE DVD - PC DESKTOP	579,00	prime	4,7 su 5 stelle	/COMPUTER-FISSO-INTEL-CORE-QUAD/dp/B088FX777X?dchild=1
25	"Acer Aspire 3 A315-56-582U Computer Portatile Nero 39,6 cm (15.6"") 1920 x 1080 Pixel Intel® Core i5 di Decima Generazione 8 GB DDR4-SDRAM 1000 GB SSD Wi-Fi 5 (802.11ac) Windows 10 Home"	882,39	prime	no vote available	/Acer-A315-56-582U-Portatile-Generazione-DDR4-SDRAM/dp/B0875CKBGH?dchild=1
26	Hard disk esterno portatile da 1 TB/2 TB - HDD esterno USB 3.0 per PC, Mac, laptop e Smart TV (2 TB, blu)	49,99	prime	1,0 su 5 stelle	/Hard-disk-esterno-portatile-TB/dp/B08JGFDL41?dchild=1
27	WisFox Set Tastiera e Mouse Senza Fili, 2.4GHz Silenzioso Slim Avanzato Combo Tastiera Mouse Wireless con Ricevitore Nano USB Tastiera Compatto per Tastiera e Mouse per Computer/PC/Laptop/Notebook	19,99	not prime	4,7 su 5 stelle	/WisFox-Tastiera-Silenzioso-Avanzato-Ricevitore/dp/B08688R247?dchild=1
28	"Notebook Pc Portatile Lenovo,Display da 15.6"",Cpu Amd A4 2.30GHz,Ram 8 Gb Ddr4,Ssd 256 Gb,Grafica Radeon R3, Hdmi,2x USB 3.0 ,Masterizzatore Dvd, Wi fi,Bluetooth,Open Office,Windows 10 professional"	no price available	not prime	4,6 su 5 stelle	No url Available
29	"ASUS VivoBook 15 S512JF-EJ029T Grigio 15.6"" FHD Intel® Core™ i5 di decima generazione 8 GB DDR4-SDRAM 512 GB SSD NVIDIA® GeForce® MX130 Wi-Fi 5 (802.11ac) Windows 10 Home tastiera retoilluminata"	899,00	not prime	no vote available	/ASUS-S512JF-EJ029T-generazione-DDR4-SDRAM-retoilluminata/dp/B08BJYVVCR?dchild=1
30	PC RICONDIZIONATO HP ELITE 8300 SFF INTEL CORE i7 3770 3,40Ghz/8GB/SSD 120GB/DVD/WIN 10 PRO (Ricondizionato) )	231,00	not prime	4,5 su 5 stelle	/RICONDIZIONATO-HP-ELITE-INTEL-Ricondizionato/dp/B07JNBKHSS?dchild=1
31	"MSI PRO 16 Flex 8GL-054EU Schermo Touch HD 15.6"",Intel Pentium Silver N4000.256GB M.2.4GB,Intel UHD Graphics 600 Series,Supporta la RJ45 a porta COM,VESA (STD 100 x 100 mm)"	424,99	prime	no vote available	/MSI-PRO-Flex-8GL-054EU-N4000-256GB/dp/B08CY3S367?dchild=1
32	Season 03	no price available	not prime	no vote available	No url Available
33	"Lenovo ThinkPad E15 Nero Computer Portatile 39,6 cm (15.6"") 1920 x 1080 Pixel Intel Core i7 di Decima Generazione 16 GB DDR4-SDRAM 512 GB SSD Windows 10 PRO ThinkPad E15, Intel Core, Tastiera QWERTZ"	no price available	not prime	5,0 su 5 stelle	No url Available
34	Inateck Custodia PC 15-15.6 Pollici Borsa per Laptop Chromebook, Notebook, Matebook, Ultrabook e Netbook HP/Acer/Dell/Lenovo/Sony/Toshiba, con Borsa per Accessori - Grigio	20,99	not prime	4,7 su 5 stelle	/Inateck-Custodia-Chromebook-Ultrabook-Accessori/dp/B08KFZQK6G?dchild=1
35	Lenovo ThinkPad X250 ULTRABOOK - 8 GB RAM - 500GB - MODULO SIM -WINDOWS 10 PROFESSIONAL (Ricondizionato) )	399,99	not prime	4,1 su 5 stelle	/Lenovo-ThinkPad-X250-ULTRABOOK-Ricondizionato/dp/B07NJ2BXDM?dchild=1
36	Babacom Supporto PC Portatile, Alluminio Ventilato Porta Notebook, Raffreddamento Regolabile Porta PC, Leggero Notebook Riser Compatibile con MacBook Air/pro, Huawei Matebook D/Altri 10-15.6” Tablet	18,99	not prime	4,6 su 5 stelle	/Babacom-Portatile-Alluminio-Ergonomico-Regolabile/dp/B07TBR2WYD?dchild=1
37	"ASUS VivoBook S14 M433IA-EB561T, Notebook in alluminio con Monitor 14"" FHD Anti-Glare, AMD Ryzen 7-4700U, RAM 8GB DDR4, 512GB SSD PCIE, Windows 10 Home, Argento"	799,00	prime	4,3 su 5 stelle	/ASUS-VivoBook-M433IA-EB561T-alluminio-Anti-Glare/dp/B08958MZKG?dchild=1
38	Lechnical Computer Portatile Pura P01 da 14 Pollici AMD A9-9420E / 8 GB DDR4 / 256 GB SSD Portatile con Schermo 1920 * 1080 FHD Spina Rosa UE	481,99	not prime	no vote available	/Lechnical-Computer-Portatile-Pollici-A9-9420E/dp/B08KG6D3SM?dchild=1
39	"GIGABYTE Aero 15 OLED WA-7DE5130SP Nero Computer Portatile 39,6 cm (15.6"") 3840 x 2160 Pixel 9th Gen Intel® Core i7 i7-9750H 16 GB DDR4-SDRAM 512 GB SSD Aero 15 OLED WA-7DE5130SP, 9th"	2.139,83	prime	1,0 su 5 stelle	/GIGABYTE-WA-7DE5130SP-Computer-Portatile-DDR4-SDRAM/dp/B07VGLH4K5?dchild=1
40	"MVPower Base Raffreddamento Notebook, Supporto Ventilato e Regolabile per Laptop Altezze Regolabili, con 2 Porte USB e Illuminazione Luce LED Blu, per Laptop da 12"" a 17"" di Pollici"	21,99	not prime	4,3 su 5 stelle	/MVPower-Raffreddamento-Regolabile-Regolabili-Illuminazione/dp/B08L38NXBY?dchild=1
41	"Apple MacBook Air Oro Computer Portatile 33,8 cm (13.3"") 2560 x 1600 Pixel Intel® Core i5 di Decima Generazione 8 GB LPDDR4x-SDRAM 512 GB SSD Wi-Fi 5 (802.11ac) macOS Catalina MacBook Air,"	no price available	not prime	4,6 su 5 stelle	No url Available
42	DELL Optiplex 3040 SFF i5-6400T S8GB 256GB SSD 500gb SATA WIN10PRO HDMI DISPLAY PORT (Ricondizionato Certificato)	299,00	prime	no vote available	/Optiplex-i5-6400T-WIN10PRO-Ricondizionato-Certificato/dp/B08KQ94VPC?dchild=1
43	"MSI Modern 15 A10M-275IT, 15,6"" FHD IPS-Level, Intel Core I5-10210U, 8GB RAM DDR4 2666MHz, 512GB SSD M.2 PCIe, UMA, Win 10 Home [Layout e Garanzia Italiane], Onyx Black (Brushline)"	879,00	prime	3,9 su 5 stelle	/MSI-A10M-275IT-IPS-Level-I5-10210U-Brushline/dp/B08C9YKN1M?dchild=1
44	"ASUS ZenBook PRO UX581LV-H2024T Notebook/Portatile Computer Portatile 39,6 cm (15.6"") 3840 x 2160 Pixel Touch Screen Intel® Core i9 di Decima Generazione 32 GB DDR4-SDRAM 1000 GB NVIDIA® GeForce"	4.057,53	prime	4,0 su 5 stelle	/ASUS-UX581LV-H2024T-Portatile-Generazione-DDR4-SDRAM/dp/B086RDWZSM?dchild=1
45	Creative Pebble V2 - Altoparlanti da scrivania alimentati da USB-C 2.0, ingresso AUX da 3,5 mm, alimentazione RMS fino a 8 W per computer, adattatore di tipo A in dotazione e prolunga (nera)	24,99	not prime	4,7 su 5 stelle	/Creative-Pebble-Altoparlanti-alimentati-alimentazione/dp/B07VVP8BGD?dchild=1
46	Nuovo Apple Mac mini (Processore Intel Core i5 6-core di ottava generazione a 3,0GHz, 8GB RAM, 512GB)	1.299,00	prime	4,8 su 5 stelle	/Apple-Processore-Intel-Core-i5-ottava-generazione/dp/B0863TQP5S?dchild=1
47	Inateck Borsa Porta PC 15.6 Pollici Impermeabile Borsa Messenger Computer Portatile per Donna Uomo Insegnanti Viaggio Lavoro Università Scuola - Grigio	26,56	not prime	5,0 su 5 stelle	/Inateck-Impermeabile-Messenger-Insegnanti-Universit%C3%A0/dp/B08KZKYCKF?dchild=1
0	"MSI PE72 8RD i7-8750H 17.3"" 1920 x 1080Pixel Argento Computer portatile"	no price available	not prime	no vote available	No url Available
1	Dell Optiplex Intel I5-2400 Quad Core I5 8 GB di RAM 240 GB Ssd + HDD da 500 GB Wi-Fi Windows 10 PC da scrivania (Ricondizionato)	181,00	not prime	4,3 su 5 stelle	/Dell-Optiplex-I5-2400-scrivania-Ricondizionato/dp/B07MJRL3V6?dchild=1
2	CHUWI AeroBook Plus Portatile Ultrabook 15.6 Pollici Laptop WIN10 Home Intel Iris Graphics 550 (i5) 8GB RAM 256GB SSD 3840 * 2160 Type c M.2 HD video port WiFi, BT4.2, Grigio	no price available	not prime	4,7 su 5 stelle	No url Available
3	AILIHEN C8 - Cuffie con microfono e controllo del volume, pieghevoli, leggere, per cellulari, tablet, smartphone, computer portatile, PC, MP3/4, colore: Oro rosa	23,98	not prime	4,2 su 5 stelle	/AILIHEN-microfono-controllo-pieghevoli-smartphone/dp/B08GKP5Q2B?dchild=1
4	HuaNuo Supporto con Braccio per Monitor con Vassoio per Laptop, Regolabile Completamente per Schermi LED LCD da 13 a 27 Pollici e Notebook Fino a 15,6 Pollici, 2 Opzioni di Montaggio	54,99	prime	4,6 su 5 stelle	/HuaNuo-Supporto-Regolabile-Completamente-Montaggio/dp/B07DWM9WNM?dchild=1
5	10 Pollici Tablet 4G Android 9.0 2 in 1 Tablet PC, 4GB RAM +64GB ROM 128GB Espansione e Dual SIM Full HD PC, 8000mAh Portatili e Tablet WiFi / GPS / Bluetooth Tablet Con wifi Offerte (Oro) (Rosa)	117,92	prime	3,9 su 5 stelle	/Pollici-Android-Espansione-Portatili-Bluetooth/dp/B08596YFB6?dchild=1
6	GMFIVE Supporto per Laptop in Alluminio Regolabile in Altezza Rotazione a 360° Ergonomica Ventilato Universale Compatibile per Computer Portatile(11-17,3 Pollici) MacBook Pro etc	38,99	prime	4,8 su 5 stelle	/Alluminio-Regolabile-Ergonomica-Universale-Compatibile/dp/B08CV3Z9G3?dchild=1
7	"SAMSUNG Galaxy Book Ion NP930XCJ-K01DE Notebook/Portatile Computer Portatile Argento 33,8 cm (13.3"") 1920 x 1080 Pixel Touch Screen Intel® Core i5 di Decima Generazione 8 GB DDR4-SDRAM 256 GB SSD"	1.481,61	prime	4,0 su 5 stelle	/SAMSUNG-NP930XCJ-K01DE-Portatile-Generazione-DDR4-SDRAM/dp/B0892TVRDS?dchild=1
8	Diablo Guardian - Season 2	no price available	not prime	no vote available	No url Available
9	"Notebook Lenovo Display da 15.6"" Hd intel Celeron N4000 2.60 Ghz,Ram 4Gb DDR4,Ssd M2 256 Gb+ Ssd 120gb,Graphics Intel,Wifi Bluetooth hdmi,usb 3.0 2.0,WebCam,Windows 10 pro,Open Office Portatile"	no price available	not prime	4,0 su 5 stelle	No url Available
10	Looffy Pendrive 3.0 per iphone ipad 128gb, Chiavetta USB 4 in 1 per Telefono Android Tipo C USB C 128gb, Memoria USB per Computer OTG Smartphone Laptop	22,05	not prime	4,2 su 5 stelle	/Looffy-Pendrive-Chiavetta-Telefono-Smartphone/dp/B085ZDQ9DJ?dchild=1
11	Webcam, Webcam per PC fisso, Telecamera per PC con Microfono Full HD HD 1080P, Web cam per Computer in Streaming con Supporto Denoising 3D e Guadagno Automatico	25,99	not prime	4,4 su 5 stelle	/Telecamera-Microfono-Streaming-Denoising-Automatico/dp/B0892RZXTR?dchild=1
12	"HP Pavilion Gaming 17-cd0228ng Nero, Verde Computer portatile 43,9 cm (17.3"") 1920 x 1080 Pixel 2,6 GHz 9th gen Intel® Core™ i7 i7-9750H"	no price available	not prime	4,5 su 5 stelle	No url Available
13	FANCY CHERRY® NUOVO 2017 HD 10 inch Mini Laptop Notebook Netbook Tablet Computer 1G DDR3 4GB di memoria VIA WM8880 CPU Dual Core Android Schermo Wifi Camera Keyboard USB HDMI (Netbook 8G-bianca)	116,00	not prime	3,1 su 5 stelle	/FANCY-Notebook-Computer-Keyboard-8G-bianca/dp/B0711K9GH7?dchild=1
14	PC Computer Desktop Gaming Entry Level Fujitsu Esprimo P720, Windows 10 Professional, Intel Core i5-4570S, Memoria Ram 8GB DDR3, HDD 500GB, DVD-ROM, Radeon RX 550 4GB (Ricondizionato)	269,90	not prime	no vote available	/Computer-Desktop-Professional-i5-4570S-Ricondizionato/dp/B08JZHRPMB?dchild=1
15	CeO-Tech Alpha V4 PC Fisso - CPU INTEL G5420 3.80GHz 4MB Cache | RAM 16GB DDR4 | SSD 500GB | Radeon RX Vega 3 | Ultra HD 4K | Masterizzatore CD/DVD | WI-FI | Windows 10 PRO	449,00	not prime	4,5 su 5 stelle	/CeO-Alpha-Desktop-CPU-J4105-4x2-50GHz-MULTIMEDIALE/dp/B07JMQDSH3?dchild=1
16	PC Computer Desktop HP Compaq 6200, Windows 10 Professional, Intel Core i3-2100, Memoria Ram 4GB DDR3, Hard Disk 250GB, DVD-ROM (Ricondizionato)	85,65	not prime	3,7 su 5 stelle	/Computer-Desktop-HP-Professional-Ricondizionato/dp/B08BBXJ6QC?dchild=1
17	"LENOVO Essential V145 Notebook 15,6"" HD (1366x768) Ram 8GB, SSD 256GB, CPU AMD A4, Radeon R3, WIFI Bluetooth Webcam Win 10 Integrato (256GB SSD)"	no price available	not prime	3,9 su 5 stelle	No url Available
18	"HP OMEN 17-cb1085ng Computer Portatile Nero 43,9 cm (17.3"") 1920 x 1080 Pixel Intel® Core i7 di Decima Generazione 16 GB DDR4-SDRAM 1512 GB HDD+SSD NVIDIA GeForce RTX 2080 Super Wi-Fi 6 (802.11ax)"	3.024,61	prime	4,6 su 5 stelle	/HP-17-cb1085ng-Portatile-Generazione-DDR4-SDRAM/dp/B0895G8FF1?dchild=1
19	Webcam, Webcam per PC fisso, Telecamera per PC Con Microfono Full HD 1080P,Webcam er Computer USB per Videochiamate	23,99	not prime	4,4 su 5 stelle	/Webcam-Telecamera-Microfono-Computer-Videochiamate/dp/B088TM1JFV?dchild=1
20	AmazonBasics - Altoparlanti per computer desktop o PC portatile, alimentazione CA (versione europea)	20,54	not prime	4,4 su 5 stelle	/AmazonBasics-Computer-Speakers-Desktop-AC-Powered/dp/B07D924NF5?dchild=1
21	"Microsoft Surface Laptop 3, 15"", AMD Ryzen 5 3580U, RAM 8 GB, SSD 256 GB, Nero"	1.699,00	prime	4,4 su 5 stelle	/Microsoft-Surface-Laptop-Ryzen-3580U/dp/B07XVTMS3N?dchild=1
22	KLIM Cyclone - Base di Raffreddamento PC Portatile + Laptop Stand con 5 ventole + Il Miglior Supporto Raffreddatore + Cooling Pad Gaming PS4 Xbox One + Bianca + Nuova Versione 2020	36,97	prime	4,4 su 5 stelle	/KLIM-Cyclone-Raffreddamento-Portatile-Raffreddatore/dp/B08BKJRXY2?dchild=1
23	Samsung C27F396 Monitor Curvo per PC, 27'' Full HD, 1920 x 1080, 60 Hz, 4 ms, Freesync, D-sub, HDMI, Nero	134,00	prime	4,6 su 5 stelle	/Samsung-C27F396-Monitor-Desktop-Freesync/dp/B01BCF09R0?dchild=1
24	LABISTS Monitor Portatile 13.3 Pollici, Monitor IPS con Risoluzione 1920 x 1080, Supporta HDMI e USB-C, 16:9 HDR, Adatta a Switch, Laptop, Cellulare, Raspberry Pi, PS3/PS4/XBOX, con Supporto e Cover	178,99	prime	4,6 su 5 stelle	/LABISTS-Monitor-Portatile-Risoluzione-Supporta/dp/B089GNJD9S?dchild=1
25	"MSI All in One PRO 16 Flex 8GL-012XEU, Schermo Touch HD 15.6"", CPU Pentium N5000, SSD M.2 128GB, RAM 4GB, Intel UHD Graphics, Porta RJ45 a COM, Freedos, VESA 100x100"	503,73	not prime	no vote available	/Flex-N5000-128GB-Touch-FREEDOS/dp/B07WTHXPGC?dchild=1
26	NOTEBOOK RICONDIZIONATO ULTRASLIM HP FOLIO 9470M INTEL CORE I5 3427U 1.80GHZ/8GB/SSD 240GB/WEB/WIN 10 PRO (Ricondizionato) )	429,99	not prime	3,6 su 5 stelle	/NOTEBOOK-RICONDIZIONATO-ULTRASLIM-HP-Ricondizionato/dp/B07JM8P2FY?dchild=1
27	Zaino Antifurto Zaino Per PC Portatile,Zaino per Laptop,Zaino Porta PC Impermeabile,Zaino per Computer Portatile 15.6 Pollici, Zaino Uomo con Caricatore USB,Zaino Lavoro Uomo per Scuola Viaggio,Nero	21,56	not prime	4,6 su 5 stelle	/Antifurto-Portatile-Impermeabile-Computer-Caricatore/dp/B07FDLS3NH?dchild=1
28	PC RICONDIZIONATO LENOVO M92P TINY INTEL CORE I5 3470T 2,90 GHZ/8GB/240GB SSD/WIN 10 PRO (Ricondizionato)	219,00	prime	4,3 su 5 stelle	/RICONDIZIONATO-LENOVO-INTEL-3470T-Ricondizionato/dp/B07Q3XJ8MW?dchild=1
29	Hanna - Season 1	no price available	not prime	no vote available	No url Available
30	"HP - Gaming OMEN 15-dh1002nl Notebook, Intel Core i7-10750H, RAM 16 GB, SSD 512 GB, NVIDIA GeForce RTX 2070 8 GB, Windows 10 Home, Schermo 15.6"" FHD IPS 144 Hz, Bang&Olufsen, USB-C, HDMI, RJ-45, Nero"	1.899,00	prime	4,5 su 5 stelle	/HP-15-dh1002nl-Notebook-i7-10750H-GeForce/dp/B08BKSM5MM?dchild=1
31	"DELL Ultrabook XPS 15 7590 Monitor 15,6"" Full HD Intel Core i7-9750H Ram 16 GB SSD 512 GB Nvidia GeForce GTX 1650 4 GB 2xUSB 3.0 Windows 10 Pro"	1.999,00	prime	3,8 su 5 stelle	/Dell-Technologies-XPS-15-7590/dp/B07ZQ98SLW?dchild=1
32	ALLDOCUBE KBook Lite Laptop, notebook da 13,5 pollici, schermo IPS 3000x2000, Intel Apollo Lake N3350 CPU, 4GB RAM 128GB SSD, Windows 10, connettore Tipe C, USB 3.0	269,99	not prime	3,2 su 5 stelle	/ALLDOCUBE-notebook-pollici-m3-6Y30-Ultrabook/dp/B07XJ3X7DC?dchild=1
33	"DELL Latitude 7480 2.8GHz i7-7600U Intel® Core™ i7 di settima generazione 14"" 1920 x 1080Pixel Nero Computer portatile"	no price available	not prime	no vote available	No url Available
34	"DELL Inspiron 5590 Notebook 15,6"" Display FHD 1920 x 1080 Pixels , Intel i5 10° GEN. 4 core , Ram 8 GB , SSD 256 GB , UHD Graphics 2xUSB 3.0 , Windows 10 Pro"	855,00	prime	no vote available	/Inspiron-Notebook-Display-Graphics-Windows/dp/B08LC8SGDF?dchild=1
35	Trust Primo Borsa Trasporto per Laptop da 16 Pollici, Nero	11,99	not prime	4,6 su 5 stelle	/Trust-Primo-Trasporto-Laptop-Pollici/dp/B01JPF5028?dchild=1
36	BMAX X15 Notebook Pc Portatile 15.6 Pollici Intel Gemini Lake N4100 (fino a 2,4 GHz) 8GB RAM + 128GB SSD Windows 10 Laptop Wifi, USB3.0, Wifi, BT 4.2, Telecamera	no price available	not prime	4,3 su 5 stelle	No url Available
37	CeO-Tech Zeta V2 PC Gaming - Ryzen 3 3100 (Zen2) 4 Core 3.90 | RAM 16GB DDR4 | SSD 240GB | GTX 1050TI 4GB | Ultra HD 4K | Wi-Fi | WIN10 PRO *NUOVA COMPOSIZIONE	615,00	not prime	4,6 su 5 stelle	/CeO-Zeta-V2-Gaming-3-20GHz/dp/B07KVGMTG4?dchild=1
38	MODKON Webcam, 1080P HD PC Webcam con Microfono e Cover per Computer Desktop Laptop, Web Camera USB Plug And Play per Youtube Studio Online Chiamata, Videochiamate Conferenza.	22,99	not prime	3,9 su 5 stelle	/MODKON-Microfono-Computer-Videochiamate-Conferenza/dp/B08GQW1598?dchild=1
39	Fujitsu Lifebook T902 - Intel Core i5-3320, 8 GB, 120 GB, SSD, Windows 10 Home, QWERTZ (tastiera tedesca), 13.3 pollice (Ricondizionato)	299,95	prime	3,8 su 5 stelle	/Fujitsu-Lifebook-T902-tastiera-Ricondizionato/dp/B086XJ711S?dchild=1
40	DILC Airo W Pc Desktop Intel Quad Core 2.00 ghz Ram 8 gb Ssd 480 gb WiFi Masterizzatore Licenza Windows 10 PRO	239,90	prime	4,0 su 5 stelle	/COMPUTER-FISSO%E2%96%ACLICENZA-PRO%E2%96%ACASSEMBLATO-QUAD-CORE-1TB%E2%96%ACWIFI%E2%96%ACMASTERIZZATORE%E2%96%ACDILC/dp/B07G4DZ7N6?dchild=1
41	"MSI Gaming GT62VR 7RE(Dominator Pro)-224DE 2.8GHz i7-7700HQ 15.6"" 1920 x 1080Pixel Nero Computer portatile"	427,00	not prime	no vote available	/MSI-Dominator-i7-7700HQ-1080Pixel-portatile/dp/B01N6N3BYC?dchild=1
42	"MacBook 12"" (Intel Core i5 dual-core a 1,3GHz, 512GB) - Oro rosa"	1.510,37	prime	4,2 su 5 stelle	/Apple-MNYN2T-A-Macbook-Intel/dp/B072VSP17K?dchild=1
43	"MSI GP75 Leopard 10SEK-050IT, Notebook Gaming 17,3"" FHD IPS-Level 144Hz, Intel Core I7-10750H, 16GB RAM DDR4, 1TB SSD M.2 PCIE, Nvidia RTX 2060, 6GB GDDR6 [Layout Italiano]"	1.849,00	prime	4,4 su 5 stelle	/MSI-10SEK-050IT-Notebook-IPS-Level-I7-10750H/dp/B086QFJ31Z?dchild=1
44	TMEZON 1080P Full HD Webcam per PC con Microfono Riduzione del Rumore,Messa a Fuoco Automatica,Design Piegato e spostato,Videocamera USB per Skype Conferenza,Videochiamate e Lavoro a Casa	20,99	not prime	4,0 su 5 stelle	/TMEZON-Automatica-Videocamera-Conferenza-Videochiamate/dp/B088FKD6H8?dchild=1
45	HP – PC Envy 13-ba0006nl Notebook, Intel Core i5-1035G1, RAM 8 GB, SSD 512 GB, Grafica Intel UHD, Windows 10 Home, Schermo 13.3” FHD, Lettore impronte digitali, Lettore Micro SD, USB-C, HDMI, Argento	849,99	prime	3,7 su 5 stelle	/HP-13-ba0006nl-Notebook-i5-1035G1-impronte/dp/B086LWC8R9?dchild=1
46	"Notebook Pc Portatile HP 255 G7 Display 15.6"" /Cpu Amd A4 da 2,3ghz A 2,6GHz /Ram 8Gb ddr4 /SSD M2 512GB /Vga Radeon R3 / Hdmi / Masterizzatore Wifi Bluetooth /Licenza Windows 10 pro + Open Office"	no price available	not prime	4,2 su 5 stelle	No url Available
47	Computer HP Elite 8100 i5-650 Ram 8GB HDD 250GB DVD-ROM Windows 10 Pro (Ricondizionato)	119,90	not prime	no vote available	/Computer-HP-DVD-ROM-Windows-Ricondizionato/dp/B08HVGJYV9?dchild=1
